百果园,北森,贝店,冰鉴科技, 博拉网络,BroadLink,曹操出行,车好多,大数金融, 大搜车,地平线,第四范式,点融网,丁香园,叮当快药,斗米,
饿了么,e成科技,e代理,盖雅工场,G7,哈啰出行,寒武纪,好享家,华风爱科,华云数据,货拉拉,iTutorGroup,九次方大数据,
久曳供应链,凯京科技,JMGO坚果,康众汽配,快狗打车,快看漫画,旷视科技,连连支付,连尚文学,联易融,零氪科技,
六度人和EC,马蜂窝旅行,每日优鲜,美菜网,美味不用等,蜜芽集团,妙健康,妙手医生,明略科技集团,平安医保科技,PingPong
七牛云,奇安信集团,蜻蜓FM,燃石医学,商汤科技,上上签,首汽约车,水滴集团,思必驰,思派网络,SEE小电铺,太美医疗,
淘集集,特斯联,同盾科技,图森未来,途虎养车,涂鸦智能,推想科技,VIPKID,挖财,网易有道,微拍堂,喜马拉雅,小红书,小鱼易连,
兴恒电源,盈路证券,一起作业,依图科技,壹米滴答,乂学松鼠AI,易久批,影谱科技,优必选,猿辅导,云从科技,云知声,掌门教育,
找钢网,找靓机,找油网,震坤行工业超市,执御Jollychic,智慧眼,智云健康,竹间智能,转转,作业帮,聚土网,宋小菜,粮达网,
云洋数据,睿畜科技,中农普惠,51有色,万千工品,大易有塑,聚盟物流,运链,准时达,oTMS,ClubFactory,Fordeal,Vova,
Ueeshop,店匠,Wook,越域大卖,星商,通拓,KnocKnock,Feline,触宝,小影,世纪优优,Bigo,Loops,大数金融,磁金融,
元宝铺,海融易,找钢网,美团小贷,PingPong,微粒贷,金融魔方,云帐房,噼里啪智能财税,慧算账,旋极百旺,罗格数据,
中税票慧,易快报,汇联易,薪太软,蓝箭,星际荣耀,零壹空间,天仪研究院,九天微星,龙船,海管家,运去哪,亿海蓝,宁波博海深衡,
君实生物,信达生物,恒瑞医药,百济神州,复宏汉霖,诺禾致源,碳云智能,燃石医学,药明明码,博雅辑因,晶泰科技,艺妙神州,水滴筹,
拼多多,毒,Plum红布林,每日优鲜,叮咚买菜,有好东西,完美日记,HomeFacialPro,喜茶,超级猩猩,VIPKID,叽里呱啦,得到,三节课,
凹凸租车,菠萝BOLO,超级猩猩,呆萝卜,对庄,Fordeal,工匠社,好汽配,虎博科技,回收宝,HICTO,寄云科技,卡美啦,
Kyligence,漏洞银行,美餐纳米盒,oTMS,七麦科技,RELX悦刻,深思考人工智能,声扬科技,速腾聚创,天眼查,完美日记,
无敌掌柜,小马智行,星环科技,眼神科技,驿氰,跃盟,在楼下,智布互联,最右,百布,博云BoCloud,成长兔英语,
叮喵买菜,e换电,高硕教育,桂花网,河狸家,华盛证券,火花思维,叽里呱啦,加推科技,考虫,联新,LinkedCare领健,
美篇,你拍一数学思维,批批网,七幕人生,Roobo,什马,石墨文档,泰瑞数创,T11,微脉,小鹅通,小象优品,兴盛优选商城,
一亩田,悠络客,云账房,掌单,中交兴路,编程猫,BLUEmart,触漫,东方福利网,伐木累,高浪控股,瀚思科技,黑湖智造,皇包车,
Happy Easy Go,集奥聚合,鲸灵集团,氮信科技,领聚数字,麦飞科技,蔓然认知,ORVIBO 欧瑗博,Plum,青团社,三节课,神马专车,
树根互联,糠豆广场舞,VIP 陪练,微众税银,小黑鱼科技,芯盾时代,鸭嘴兽,伊对,寓乐湾,运去哪,真融宝,租租车,




